UNKNOWN1,JCVISYN3A_0077,10
UNKNOWN2,JCVISYN3A_0214,10
UNKNOWN3,JCVISYN3A_0230,10
UNKNOWN4,JCVISYN3A_0235,10
UNKNOWN5,JCVISYN3A_0259,10
UNKNOWN6,JCVISYN3A_0263,10
UNKNOWN7,JCVISYN3A_0379,10
UNKNOWN8,JCVISYN3A_0398,10
UNKNOWN9,JCVISYN3A_0403,10
UNKNOWN10,JCVISYN3A_0503,10
UNKNOWN11,JCVISYN3A_0525,10
UNKNOWN12,JCVISYN3A_0593,10
UNKNOWN13,JCVISYN3A_0622,10
UNKNOWN14,JCVISYN3A_0623,10
UNKNOWN15,JCVISYN3A_0643,10
UNKNOWN16,JCVISYN3A_0648,10
UNKNOWN17,JCVISYN3A_0649,10
UNKNOWN18,JCVISYN3A_0795,10
UNKNOWN19,JCVISYN3A_0851,10
UNKNOWN20,JCVISYN3A_0852,10
UNKNOWN21,JCVISYN3A_0873,10
UNKNOWN22,JCVISYN3A_0910,10
UNKNOWN23,JCVISYN3A_0030,10
UNKNOWN24,JCVISYN3A_0051,10
UNKNOWN25,JCVISYN3A_0081,10
UNKNOWN26,JCVISYN3A_0199,10
UNKNOWN27,JCVISYN3A_0546,10
UNKNOWN28,JCVISYN3A_0602,10
UNKNOWN29,JCVISYN3A_0918,10
UNKNOWN30,JCVISYN3A_0931,10
